manufacturer,model,variant,tail_number,model_name,aircraft_name,aircraft_type,wing_type,military_civilian,role_type,year_built,description,aliases,museum_name,display_status
Meade,Amisk C-3,,,,,fixed_wing,monoplane,civilian,private,1932,Glider built by the Amisk Gliding Club of Alberta in 1932. The museum states that not all aircraft in its collection are on public display; the aviation collection is split between the exhibition hangar and warehouse storage reached on seasonal tours.,Amisk C-3; Meade glider,Reynolds-Alberta Museum,on_display
Huetter,Hue 17,,,,,fixed_wing,monoplane,civilian,private,1937,German-designed lightweight sailplane. The museum states that not all aircraft in its collection are on public display; the aviation collection is split between the exhibition hangar and warehouse storage reached on seasonal tours.,Hu 17; Hutter 17; Hue17,Reynolds-Alberta Museum,on_display
Schneider,Grunau Baby,II,CF-ZBH,,,fixed_wing,monoplane,civilian,private,1938,c/n 1533; a Second World War prize later flown by the National Research Council. The museum states that not all aircraft in its collection are on public display; the aviation collection is split between the exhibition hangar and warehouse storage reached on seasonal tours.,Grunau Baby; Grunau Baby II; SG38,Reynolds-Alberta Museum,on_display
DFS,Weihe,,N501D,,,fixed_wing,monoplane,civilian,private,1940,High-performance German sailplane c/n 1. The museum states that not all aircraft in its collection are on public display; the aviation collection is split between the exhibition hangar and warehouse storage reached on seasonal tours.,Weihe; DFS 108-30; Focke-Wulf Weihe,Reynolds-Alberta Museum,on_display
Waco,CG-4,A Hadrian Mk II,,,,fixed_wing,monoplane,military,transport,1942,Second World War troop and cargo assault glider. The museum states that not all aircraft in its collection are on public display; the aviation collection is split between the exhibition hangar and warehouse storage reached on seasonal tours.,CG4; CG-4A; Hadrian; Hadrian Mk II; CG4A,Reynolds-Alberta Museum,on_display
Norman Bruce,Zephyr,,,,,fixed_wing,monoplane,civilian,private,1958,Canadian-built sailplane. The museum states that not all aircraft in its collection are on public display; the aviation collection is split between the exhibition hangar and warehouse storage reached on seasonal tours.,Zephyr; Bruce Zephyr,Reynolds-Alberta Museum,on_display
Viking,104,,CF-REF,,,fixed_wing,monoplane,civilian,private,1962,c/n FLS-2. The museum states that not all aircraft in its collection are on public display; the aviation collection is split between the exhibition hangar and warehouse storage reached on seasonal tours.,Viking 104; Tinskou Viking; Peterson Viking,Reynolds-Alberta Museum,on_display
Eagle,Delta Wing,,,,,fixed_wing,monoplane,civilian,private,1973,Rogallo-type hang glider. The museum states that not all aircraft in its collection are on public display; the aviation collection is split between the exhibition hangar and warehouse storage reached on seasonal tours.,Delta Wing; Eagle hang glider; Rogallo,Reynolds-Alberta Museum,on_display
A.E.A.,Silver Dart,,,,,fixed_wing,biplane,civilian,experimental,1908,Replica of the Aerial Experiment Association Silver Dart. The museum states that not all aircraft in its collection are on public display; the aviation collection is split between the exhibition hangar and warehouse storage reached on seasonal tours.,Silver Dart; AEA Silver Dart; Model 4,Reynolds-Alberta Museum,on_display
Curtiss,Model D,,,,,fixed_wing,biplane,civilian,experimental,1910,Replica of the Curtiss Pusher c/n 13 flown by Hugh Robinson - the first powered aeroplane to fly in Alberta. The museum states that not all aircraft in its collection are on public display; the aviation collection is split between the exhibition hangar and warehouse storage reached on seasonal tours.,Model D; Curtiss Pusher; Curtiss D,Reynolds-Alberta Museum,on_display
Canadian Aeroplanes,JN-4,Canuck,C1347,,,fixed_wing,biplane,military,trainer,1918,Royal Flying Corps Canada JN-4 named City of Edmonton; later G-CAAI and G-CATE. The museum states that not all aircraft in its collection are on public display; the aviation collection is split between the exhibition hangar and warehouse storage reached on seasonal tours.,JN4; JN-4 Canuck; Jenny; G-CAAI; G-CATE,Reynolds-Alberta Museum,on_display
Reynolds,Sport Monoplane,,,,,fixed_wing,monoplane,civilian,private,1919,Ted Reynolds' own design c/n 1. The museum states that not all aircraft in its collection are on public display; the aviation collection is split between the exhibition hangar and warehouse storage reached on seasonal tours.,Reynolds Sport; Sport Monoplane,Reynolds-Alberta Museum,on_display
Sperry,Messenger,M-1,C-GXYI,,,fixed_wing,biplane,military,utility,1920,"Replica, c/n HSM-001. The museum states that not all aircraft in its collection are on public display; the aviation collection is split between the exhibition hangar and warehouse storage reached on seasonal tours.",Messenger; M-1; M1; Sperry M-1,Reynolds-Alberta Museum,on_display
Reynolds,Star,,,,,fixed_wing,monoplane,civilian,private,1925,Ted Reynolds' Star monoplane c/n 2. The museum states that not all aircraft in its collection are on public display; the aviation collection is split between the exhibition hangar and warehouse storage reached on seasonal tours.,Reynolds Star; Star Monoplane,Reynolds-Alberta Museum,on_display
Lincoln,Sport,,,,,fixed_wing,biplane,civilian,private,1925,Lincoln Aircraft Company Sport. The museum states that not all aircraft in its collection are on public display; the aviation collection is split between the exhibition hangar and warehouse storage reached on seasonal tours.,Lincoln Sport; Swanson Sport,Reynolds-Alberta Museum,on_display
Waco,10,GXE,CF-AQU,,,fixed_wing,biplane,civilian,private,1927,c/n 1386. The museum states that not all aircraft in its collection are on public display; the aviation collection is split between the exhibition hangar and warehouse storage reached on seasonal tours.,Waco 10; GXE; Waco GXE,Reynolds-Alberta Museum,on_display
Waco,10,GXE,CF-AOI,,,fixed_wing,biplane,civilian,private,1928,c/n 3065. The museum states that not all aircraft in its collection are on public display; the aviation collection is split between the exhibition hangar and warehouse storage reached on seasonal tours.,Waco 10; GXE; Waco GXE,Reynolds-Alberta Museum,on_display
American Eagle,A-101,,CF-AHY,,,fixed_wing,biplane,civilian,private,1928,c/n 248. The museum states that not all aircraft in its collection are on public display; the aviation collection is split between the exhibition hangar and warehouse storage reached on seasonal tours.,A101; A-101; NC6517,Reynolds-Alberta Museum,on_display
de Havilland,DH.60,Cirrus Moth,,,,fixed_wing,biplane,civilian,trainer,1928,"Cirrus Moth listed by the museum. silverhawkauthor gives c/n 503 G-CYYG for this entry, but that airframe is displayed at the Alberta Aviation Museum in Edmonton, so the identity here is unresolved. The museum states that not all aircraft in its collection are on public display; the aviation collection is split between the exhibition hangar and warehouse storage reached on seasonal tours.",DH60; Cirrus Moth; Moth,Reynolds-Alberta Museum,on_display
Curtiss-Robertson,Robin,C-1,CF-ALZ,,,fixed_wing,monoplane,civilian,private,1929,c/n 405. The museum states that not all aircraft in its collection are on public display; the aviation collection is split between the exhibition hangar and warehouse storage reached on seasonal tours.,Robin; Robin C-1; C1; NC51H,Reynolds-Alberta Museum,on_display
Fairchild,71,,NC24K,,,fixed_wing,monoplane,civilian,utility,1929,c/n 686. The museum states that not all aircraft in its collection are on public display; the aviation collection is split between the exhibition hangar and warehouse storage reached on seasonal tours.,Fairchild 71; FC-71; FC71,Reynolds-Alberta Museum,on_display
Travel Air,D4D,Speedwing,CF-JLW,,,fixed_wing,biplane,civilian,private,1929,c/n 1151. The museum states that not all aircraft in its collection are on public display; the aviation collection is split between the exhibition hangar and warehouse storage reached on seasonal tours.,D4D; Speedwing; Travel Air D-4D,Reynolds-Alberta Museum,on_display
Kari-Keen,60,Sioux Coupe,CF-ANR,,,fixed_wing,monoplane,civilian,private,1929,c/n 211. The museum states that not all aircraft in its collection are on public display; the aviation collection is split between the exhibition hangar and warehouse storage reached on seasonal tours.,Kari-Keen 60; Sioux Coupe; NC244K,Reynolds-Alberta Museum,on_display
Waco,ATO,Taperwing,,,,fixed_wing,biplane,civilian,private,1929,Waco Taperwing. The museum states that not all aircraft in its collection are on public display; the aviation collection is split between the exhibition hangar and warehouse storage reached on seasonal tours.,ATO; Taperwing; Waco Taperwing,Reynolds-Alberta Museum,on_display
de Havilland,DH.60,M Gipsy Moth,CF-AGX,,,fixed_wing,biplane,civilian,trainer,1930,c/n DHC-127. The museum states that not all aircraft in its collection are on public display; the aviation collection is split between the exhibition hangar and warehouse storage reached on seasonal tours.,DH60M; Gipsy Moth; Moth,Reynolds-Alberta Museum,on_display
Cessna,EC-1,,199V,,,fixed_wing,monoplane,civilian,private,1930,c/n 71. The museum states that not all aircraft in its collection are on public display; the aviation collection is split between the exhibition hangar and warehouse storage reached on seasonal tours.,EC1; EC-1; Cessna EC-1,Reynolds-Alberta Museum,on_display
Avro,616,Avian Mk IVM,CF-CDV,,,fixed_wing,biplane,military,trainer,1930,"c/n 316, ex-RCAF 137 coded R3, later with the Calgary Flying Club. The museum states that not all aircraft in its collection are on public display; the aviation collection is split between the exhibition hangar and warehouse storage reached on seasonal tours.",Avian; Avian IVM; Avro 616,Reynolds-Alberta Museum,on_display
Monocoupe,90,,NC170K,,,fixed_wing,monoplane,civilian,private,1930,c/n 504. The museum states that not all aircraft in its collection are on public display; the aviation collection is split between the exhibition hangar and warehouse storage reached on seasonal tours.,Monocoupe 90; Monocoupe,Reynolds-Alberta Museum,on_display
Aeronca,C-3,,CF-AQP,,,fixed_wing,monoplane,civilian,private,1931,c/n A-194. The museum states that not all aircraft in its collection are on public display; the aviation collection is split between the exhibition hangar and warehouse storage reached on seasonal tours.,C3; C-3; Aeronca C-3; NC12480,Reynolds-Alberta Museum,on_display
Laird,LC-1B-200,,CF-APY,,,fixed_wing,biplane,civilian,utility,1931,c/n 196; flown by Canadian Airways (Western) Ltd. The museum states that not all aircraft in its collection are on public display; the aviation collection is split between the exhibition hangar and warehouse storage reached on seasonal tours.,LC-1B; LCB-200; Laird Commercial; LC1B; LCB200,Reynolds-Alberta Museum,on_display
Fairchild,22,C7,NC11649,,,fixed_wing,monoplane,civilian,private,1931,c/n 512. The museum states that not all aircraft in its collection are on public display; the aviation collection is split between the exhibition hangar and warehouse storage reached on seasonal tours.,Fairchild 22; 22C-7; Model 22,Reynolds-Alberta Museum,on_display
Great Lakes,2T-1,A Sport Trainer,NC313Y,,,fixed_wing,biplane,civilian,trainer,1931,c/n 200. The museum states that not all aircraft in its collection are on public display; the aviation collection is split between the exhibition hangar and warehouse storage reached on seasonal tours.,2T-1A; 2T1A; Sport Trainer,Reynolds-Alberta Museum,on_display
Welch,OW-8,M,CF-PMH,,,fixed_wing,monoplane,civilian,private,1931,c/n 49. The museum states that not all aircraft in its collection are on public display; the aviation collection is split between the exhibition hangar and warehouse storage reached on seasonal tours.,OW8; OW-8; Welch Falcon; OW8M,Reynolds-Alberta Museum,on_display
Neys,Biplane,,CF-ATM,,,fixed_wing,biplane,civilian,private,1932,Homebuilt biplane built near Sexsmith Alberta about 1932. The museum states that not all aircraft in its collection are on public display; the aviation collection is split between the exhibition hangar and warehouse storage reached on seasonal tours.,Neys Biplane; J.S. Neys,Reynolds-Alberta Museum,on_display
Pietenpol,Air Camper,,CF-BDH,,,fixed_wing,monoplane,civilian,private,1933,Homebuilt built near Wembley Alberta. The museum states that not all aircraft in its collection are on public display; the aviation collection is split between the exhibition hangar and warehouse storage reached on seasonal tours.,Air Camper; Aircamper; Pietenpol,Reynolds-Alberta Museum,on_display
Kinner,Sportster,K,NC14225,,,fixed_wing,monoplane,civilian,private,1933,c/n 142. The museum states that not all aircraft in its collection are on public display; the aviation collection is split between the exhibition hangar and warehouse storage reached on seasonal tours.,Sportster; Kinner K; Kinner Sportster,Reynolds-Alberta Museum,on_display
de Havilland,DH.80,A Puss Moth,,,,fixed_wing,monoplane,civilian,private,1935,Puss Moth cabin monoplane. The museum states that not all aircraft in its collection are on public display; the aviation collection is split between the exhibition hangar and warehouse storage reached on seasonal tours.,DH80; DH.80A; Puss Moth,Reynolds-Alberta Museum,on_display
Rearwin,Sportster,7000,NC14443,,,fixed_wing,monoplane,civilian,private,1935,"c/n 401, the Sportster 7000 prototype. The museum states that not all aircraft in its collection are on public display; the aviation collection is split between the exhibition hangar and warehouse storage reached on seasonal tours.",Sportster 7000; Rearwin 7000,Reynolds-Alberta Museum,on_display
Fairchild,24,C8E Argus,CF-AZT,,,fixed_wing,monoplane,civilian,utility,1936,c/n 2825. The museum states that not all aircraft in its collection are on public display; the aviation collection is split between the exhibition hangar and warehouse storage reached on seasonal tours.,Fairchild 24; F-24; Argus; UC-61; F24; UC61,Reynolds-Alberta Museum,on_display
Fleet,7,C Fawn Mk II,220,,,fixed_wing,biplane,military,trainer,1936,"c/n 58, ex-RCAF 220. The museum states that not all aircraft in its collection are on public display; the aviation collection is split between the exhibition hangar and warehouse storage reached on seasonal tours.",Fleet 7C; Fawn; Fleet Fawn; CF-CHF,Reynolds-Alberta Museum,on_display
Taylor,J-2,Cub,CF-BEE,,,fixed_wing,monoplane,civilian,private,1936,c/n 1064. The museum states that not all aircraft in its collection are on public display; the aviation collection is split between the exhibition hangar and warehouse storage reached on seasonal tours.,J2; J-2; Taylor Cub; NC17564; J2Cub,Reynolds-Alberta Museum,on_display
de Havilland,DH.87,A Hornet Moth,CF-AYG,,,fixed_wing,biplane,civilian,private,1936,c/n 8031. The museum states that not all aircraft in its collection are on public display; the aviation collection is split between the exhibition hangar and warehouse storage reached on seasonal tours.,DH87A; Hornet Moth; DH.87A,Reynolds-Alberta Museum,on_display
Fleet,21,M,C-FAAE,,,fixed_wing,biplane,military,trainer,1936,c/n 243. Shares its identifiers with the museum's Fleet 16R Finch entry; the two listings may describe one airframe. The museum states that not all aircraft in its collection are on public display; the aviation collection is split between the exhibition hangar and warehouse storage reached on seasonal tours.,Fleet 21M; Fleet 21; Finch,Reynolds-Alberta Museum,on_display
Porterfield,35,W,,,,fixed_wing,monoplane,civilian,private,1936,c/n 301. The museum states that not all aircraft in its collection are on public display; the aviation collection is split between the exhibition hangar and warehouse storage reached on seasonal tours.,35-W; 35W; Porterfield 35,Reynolds-Alberta Museum,on_display
Arrow,Sport,Model F,CF-BGQ,,,fixed_wing,biplane,civilian,private,1937,"c/n 51, V-8 powered. The museum states that not all aircraft in its collection are on public display; the aviation collection is split between the exhibition hangar and warehouse storage reached on seasonal tours.",Arrow Sport; Arrowsport; Model F; NC18508,Reynolds-Alberta Museum,on_display
Cessna,C-37,Airmaster,CF-NEV,,,fixed_wing,monoplane,civilian,private,1937,c/n 355. The museum states that not all aircraft in its collection are on public display; the aviation collection is split between the exhibition hangar and warehouse storage reached on seasonal tours.,C37; C-37; Airmaster; NC18030,Reynolds-Alberta Museum,on_display
Beechcraft,Model 17,SC17R Staggerwing,,,,fixed_wing,biplane,civilian,private,1937,Staggerwing cabin biplane. The museum states that not all aircraft in its collection are on public display; the aviation collection is split between the exhibition hangar and warehouse storage reached on seasonal tours.,SC17R; Staggerwing; Beech 17,Reynolds-Alberta Museum,on_display
Waco,YKS-7,,CF-KYI,,,fixed_wing,biplane,civilian,private,1937,c/n 4615; under restoration. The museum states that not all aircraft in its collection are on public display; the aviation collection is split between the exhibition hangar and warehouse storage reached on seasonal tours.,YKS-7; YKS7; Waco Standard Cabin; NC17465,Reynolds-Alberta Museum,under_restoration
Waco,ZQC-6,,CF-BDW,,,fixed_wing,biplane,civilian,private,1937,c/n 4643. The museum states that not all aircraft in its collection are on public display; the aviation collection is split between the exhibition hangar and warehouse storage reached on seasonal tours.,ZQC-6; ZQC6; Waco Custom Cabin,Reynolds-Alberta Museum,on_display
Taylorcraft,Model A,,,,,fixed_wing,monoplane,civilian,private,1937,Taylorcraft Model A. The museum states that not all aircraft in its collection are on public display; the aviation collection is split between the exhibition hangar and warehouse storage reached on seasonal tours.,Taylorcraft A; Model A,Reynolds-Alberta Museum,on_display
Miles,M.11,A Whitney Straight,CF-FGK,,,fixed_wing,monoplane,civilian,private,1938,c/n 509. The museum states that not all aircraft in its collection are on public display; the aviation collection is split between the exhibition hangar and warehouse storage reached on seasonal tours.,M11A; Whitney Straight; Miles M.11A; G-AFGK,Reynolds-Alberta Museum,on_display
Noorduyn,Norseman,Mk IV,679,,,fixed_wing,monoplane,military,utility,1938,"c/n 21, ex-RCAF 679. The museum states that not all aircraft in its collection are on public display; the aviation collection is split between the exhibition hangar and warehouse storage reached on seasonal tours.",Norseman; UC-64; Norseman IV; CF-SAH; UC64,Reynolds-Alberta Museum,on_display
Fairey,Swordfish,Mk IV,HS498,,,fixed_wing,biplane,military,other,1939,Held as parts; a restoration project. Last flown in 1948. The museum states that not all aircraft in its collection are on public display; the aviation collection is split between the exhibition hangar and warehouse storage reached on seasonal tours.,Swordfish; Swordfish IV; Stringbag,Reynolds-Alberta Museum,under_restoration
Aeronca,65,LA Chief,CF-WLP,,,fixed_wing,monoplane,civilian,private,1939,c/n L6249. The museum states that not all aircraft in its collection are on public display; the aviation collection is split between the exhibition hangar and warehouse storage reached on seasonal tours.,65LA; Chief; Aeronca Chief; NC23964,Reynolds-Alberta Museum,on_display
Stinson,Model 105,Voyager HW-75,CF-BSJ,,,fixed_wing,monoplane,civilian,private,1939,"c/n 7175; ex-RCAF 3480, later CF-ZBL. The museum states that not all aircraft in its collection are on public display; the aviation collection is split between the exhibition hangar and warehouse storage reached on seasonal tours.",HW-75; HW75; Voyager; Model 105; NC22578,Reynolds-Alberta Museum,on_display
Corben,Baby Ace,,CF-RAY,,,fixed_wing,monoplane,civilian,private,1939,"c/n 1, built at Amisk Alberta. The museum states that not all aircraft in its collection are on public display; the aviation collection is split between the exhibition hangar and warehouse storage reached on seasonal tours.",Baby Ace; Ace Baby Ace; Corben Sport,Reynolds-Alberta Museum,on_display
Fleet,16,R Finch Mk I,1001,,,fixed_wing,biplane,military,trainer,1939,c/n 243; the first RCAF Finch. The museum states that not all aircraft in its collection are on public display; the aviation collection is split between the exhibition hangar and warehouse storage reached on seasonal tours.,Finch; Fleet 16R; Fleet Finch; CF-AAE,Reynolds-Alberta Museum,on_display
Stinson,Model 10,Voyager,CF-BZM,,,fixed_wing,monoplane,civilian,private,1940,c/n 7511. The museum states that not all aircraft in its collection are on public display; the aviation collection is split between the exhibition hangar and warehouse storage reached on seasonal tours.,Model 10; Voyager; HW-75; CF-EZC; HW75,Reynolds-Alberta Museum,on_display
Funk,B,E200B,NC24142,,,fixed_wing,monoplane,civilian,private,1940,c/n 68. The museum states that not all aircraft in its collection are on public display; the aviation collection is split between the exhibition hangar and warehouse storage reached on seasonal tours.,Funk B; Funk Model B; E200B,Reynolds-Alberta Museum,on_display
Taylorcraft,BL-65,,C-GJIC,,,fixed_wing,monoplane,civilian,private,1940,c/n 1786. The museum states that not all aircraft in its collection are on public display; the aviation collection is split between the exhibition hangar and warehouse storage reached on seasonal tours.,BL65; BL-65; Taylor-Young; NC24449,Reynolds-Alberta Museum,on_display
de Havilland,DH.82,C,4314,Tiger Moth,,fixed_wing,biplane,military,trainer,1940,"c/n DHC-644, ex-RCAF 4314. The museum states that not all aircraft in its collection are on public display; the aviation collection is split between the exhibition hangar and warehouse storage reached on seasonal tours.",DH82C; Tiger Moth; DH.82C; CF-DAL,Reynolds-Alberta Museum,on_display
North American,NA-64,,3458,Yale,,fixed_wing,monoplane,military,trainer,1940,"Ex-RCAF 3458, originally ordered for France. The museum states that not all aircraft in its collection are on public display; the aviation collection is split between the exhibition hangar and warehouse storage reached on seasonal tours.",NA64; Yale; NA-64 Yale; 64-3024,Reynolds-Alberta Museum,on_display
Beechcraft,Model 17,D17S Staggerwing,CF-DTE,,,fixed_wing,biplane,military,utility,1940,"c/n 403, ex-US Navy GB-2. The museum states that not all aircraft in its collection are on public display; the aviation collection is split between the exhibition hangar and warehouse storage reached on seasonal tours.",D17S; GB-2; Staggerwing; Beech 17; GB2,Reynolds-Alberta Museum,on_display
Piper,J-4,A Cub Coupe,CF-KIB,,,fixed_wing,monoplane,civilian,private,1940,c/n 4-1255. The museum states that not all aircraft in its collection are on public display; the aviation collection is split between the exhibition hangar and warehouse storage reached on seasonal tours.,J4A; J-4A; Cub Coupe; J4,Reynolds-Alberta Museum,on_display
Piper,J-3,Cub,CF-YME,,,fixed_wing,monoplane,civilian,private,1941,c/n 6276. The museum states that not all aircraft in its collection are on public display; the aviation collection is split between the exhibition hangar and warehouse storage reached on seasonal tours.,J3; J-3; Cub; NC35310; J3Cub,Reynolds-Alberta Museum,on_display
Taylorcraft,BC-12,,CF-GUJ,,,fixed_wing,monoplane,civilian,private,1941,c/n 2633. The museum states that not all aircraft in its collection are on public display; the aviation collection is split between the exhibition hangar and warehouse storage reached on seasonal tours.,BC12; BC-12; NC29785,Reynolds-Alberta Museum,on_display
Piper,J-5,A Cub Cruiser,CF-HRI,,,fixed_wing,monoplane,civilian,private,1941,c/n 5-897. The museum states that not all aircraft in its collection are on public display; the aviation collection is split between the exhibition hangar and warehouse storage reached on seasonal tours.,J5A; J-5A; Cub Cruiser; J5,Reynolds-Alberta Museum,on_display
Hawker,Hurricane,Mk XII,5418,,,fixed_wing,monoplane,military,fighter,1942,"Canadian Car and Foundry built, c/n 44013, displayed in 135 Squadron markings. The museum states that not all aircraft in its collection are on public display; the aviation collection is split between the exhibition hangar and warehouse storage reached on seasonal tours.",Hurricane; Hurricane XII; Hurricane Mk XII,Reynolds-Alberta Museum,on_display
Bell,P-39,M-1,,,,fixed_wing,monoplane,military,fighter,1942,Airacobra recovered in Alberta; a Lend-Lease machine lost in Soviet markings in December 1942. The museum states that not all aircraft in its collection are on public display; the aviation collection is split between the exhibition hangar and warehouse storage reached on seasonal tours.,P39; P-39M; P39M; Airacobra,Reynolds-Alberta Museum,on_display
Westland,Lysander,Mk IIIA,2445,,,fixed_wing,monoplane,military,recon,1942,In storage. The museum states that not all aircraft in its collection are on public display; the aviation collection is split between the exhibition hangar and warehouse storage reached on seasonal tours.,Lysander; Lysander IIIA; Lizzie,Reynolds-Alberta Museum,in_storage
Boeing-Stearman,A75N1,PT-17 Kaydet,CF-UWK,,,fixed_wing,biplane,military,trainer,1943,"c/n 75-3522, ex-US Navy BuNo 30083 and N49366. The museum states that not all aircraft in its collection are on public display; the aviation collection is split between the exhibition hangar and warehouse storage reached on seasonal tours.",A75N1; PT-17; PT17; Kaydet; Stearman,Reynolds-Alberta Museum,on_display
Stinson,V-77,AT-19 Reliant,CF-BGM,,,fixed_wing,monoplane,military,utility,1943,"c/n 77-491, ex-USAAF 43-44204 and Royal Navy FB836. The museum states that not all aircraft in its collection are on public display; the aviation collection is split between the exhibition hangar and warehouse storage reached on seasonal tours.",V-77; V77; AT-19; AT19; Reliant,Reynolds-Alberta Museum,on_display
Howard,DGA-15,P UC-70,CF-OJN,,,fixed_wing,monoplane,military,transport,1944,"c/n 1004, ex-USAAF 45-033. The museum states that not all aircraft in its collection are on public display; the aviation collection is split between the exhibition hangar and warehouse storage reached on seasonal tours.",DGA-15; DGA15; UC-70; Nightingale; N13943; UC70,Reynolds-Alberta Museum,on_display
Noury,N-75,,CF-BYW,,,fixed_wing,monoplane,civilian,private,1944,c/n 001; the prototype that became the Fleet 80 Canuck. The museum states that not all aircraft in its collection are on public display; the aviation collection is split between the exhibition hangar and warehouse storage reached on seasonal tours.,N75; N-75; Fleet Canuck; Fleet 80,Reynolds-Alberta Museum,on_display
Fairchild Aircraft Ltd,PT-26,Cornell II,FX192,,,fixed_wing,monoplane,military,trainer,1944,c/n FA1023. The museum states that not all aircraft in its collection are on public display; the aviation collection is split between the exhibition hangar and warehouse storage reached on seasonal tours.,Cornell; Cornell II; PT-26; PT26; CF-FKB,Reynolds-Alberta Museum,on_display
Grumman,TBM-3,E Avenger,C-GOEG,,,fixed_wing,monoplane,military,other,1945,Ex-US Navy BuNo 69361; General Motors built. The museum states that not all aircraft in its collection are on public display; the aviation collection is split between the exhibition hangar and warehouse storage reached on seasonal tours.,TBM3; TBM-3E; Avenger; TBF; TBM3E,Reynolds-Alberta Museum,on_display
Auster,AOP.6,,16656,,,fixed_wing,monoplane,military,recon,1946,"c/n TAY-216V, ex-RCAF 16656 coded OU656. The museum states that not all aircraft in its collection are on public display; the aviation collection is split between the exhibition hangar and warehouse storage reached on seasonal tours.",AOP6; AOP.6; Auster 6; CF-LGM,Reynolds-Alberta Museum,on_display
Republic,RC-3,Seabee,C-GCEK,,,fixed_wing,monoplane,civilian,private,1946,c/n 149; amphibian. The museum states that not all aircraft in its collection are on public display; the aviation collection is split between the exhibition hangar and warehouse storage reached on seasonal tours.,RC3; RC-3; Seabee; Sea Bee,Reynolds-Alberta Museum,on_display
Bellanca,31-55,A Senior Skyrocket,CF-DCH,,,fixed_wing,biplane,civilian,transport,1946,"c/n 4; the prototype, built in Edmonton. The museum states that not all aircraft in its collection are on public display; the aviation collection is split between the exhibition hangar and warehouse storage reached on seasonal tours.",31-55; 3155; Senior Skyrocket; Skyrocket,Reynolds-Alberta Museum,on_display
Luscombe,8,E Silvaire,CF-JRV,,,fixed_wing,monoplane,civilian,private,1947,c/n 5398. The museum states that not all aircraft in its collection are on public display; the aviation collection is split between the exhibition hangar and warehouse storage reached on seasonal tours.,Model 8E; Silvaire; Luscombe 8; N2671K,Reynolds-Alberta Museum,on_display
Stinson,108,2 Flying Station Wagon,CF-MPJ,,,fixed_wing,monoplane,civilian,utility,1947,"c/n 108-2303, ex-RCMP Air Division. The museum states that not all aircraft in its collection are on public display; the aviation collection is split between the exhibition hangar and warehouse storage reached on seasonal tours.",108-2; 1082; Station Wagon; Voyager,Reynolds-Alberta Museum,on_display
Beechcraft,Model 35,Bonanza,,,,fixed_wing,monoplane,civilian,private,1947,Beech Bonanza. The museum states that not all aircraft in its collection are on public display; the aviation collection is split between the exhibition hangar and warehouse storage reached on seasonal tours.,Model 35; Bonanza; V-tail Bonanza,Reynolds-Alberta Museum,on_display
de Havilland,DH.100,F.3,17071,Vampire,,fixed_wing,monoplane,military,fighter,1948,"c/n EEP42389, ex-RCAF 17071. The museum states that not all aircraft in its collection are on public display; the aviation collection is split between the exhibition hangar and warehouse storage reached on seasonal tours.",Vampire; Vampire F.3; DH100; N6883D,Reynolds-Alberta Museum,on_display
Erco,Ercoupe,415-G,CF-GLZ,,,fixed_wing,monoplane,civilian,private,1949,c/n 5011. The museum states that not all aircraft in its collection are on public display; the aviation collection is split between the exhibition hangar and warehouse storage reached on seasonal tours.,415G; 415-G; Ercoupe,Reynolds-Alberta Museum,on_display
Cessna,195,Businessliner,,,,fixed_wing,monoplane,civilian,private,1949,Cessna 195. The museum states that not all aircraft in its collection are on public display; the aviation collection is split between the exhibition hangar and warehouse storage reached on seasonal tours.,Cessna 195; Businessliner,Reynolds-Alberta Museum,on_display
Meyers,MAC-145,,,,,fixed_wing,monoplane,civilian,private,1951,c/n 212; only 18 were produced. The museum states that not all aircraft in its collection are on public display; the aviation collection is split between the exhibition hangar and warehouse storage reached on seasonal tours.,MAC145; MAC-145; Meyers 145,Reynolds-Alberta Museum,on_display
Mooney,M-18,C Mite,,,,fixed_wing,monoplane,civilian,private,1951,Mooney Mite. The museum states that not all aircraft in its collection are on public display; the aviation collection is split between the exhibition hangar and warehouse storage reached on seasonal tours.,M18; M-18; Mite; Mooney Mite,Reynolds-Alberta Museum,on_display
de Havilland Canada,DHC-1,B-2-S3 Chipmunk,18015,,,fixed_wing,monoplane,military,trainer,1951,Ex-RCAF 18015; flown by an RCAF aerobatic team. The museum states that not all aircraft in its collection are on public display; the aviation collection is split between the exhibition hangar and warehouse storage reached on seasonal tours.,DHC1; Chipmunk; CT-120; CT120; CF-CYO,Reynolds-Alberta Museum,on_display
Canadair,Sabre,Mk 3,19200,,,fixed_wing,monoplane,military,fighter,1952,"The only Sabre Mk 3 built, the prototype for the Orenda-powered Sabre. On 18 May 1953 Jacqueline Cochran flew it under Chuck Yeager's supervision to a 100 km closed-circuit record of 1050 km/h and became the first woman to exceed the speed of sound in a dive to 1270 km/h. The museum states that not all aircraft in its collection are on public display; the aviation collection is split between the exhibition hangar and warehouse storage reached on seasonal tours.",Sabre 3; F-86; F86; CL-13; Sabre Mk 3; CL13,Reynolds-Alberta Museum,on_display
Edgar Percival,EP.9,Prospector,CF-NWI,,,fixed_wing,monoplane,civilian,utility,1957,c/n 30; flown by Northwest Industries Ltd of Edmonton. The museum states that not all aircraft in its collection are on public display; the aviation collection is split between the exhibition hangar and warehouse storage reached on seasonal tours.,EP9; EP.9; Prospector; Percival EP.9,Reynolds-Alberta Museum,on_display
Canadair,CL-41,R,CF-LTX-X,,,fixed_wing,monoplane,military,test,1959,"c/n 2; the second CL-41 prototype, converted as an avionics testbed for the CF-104. The museum states that not all aircraft in its collection are on public display; the aviation collection is split between the exhibition hangar and warehouse storage reached on seasonal tours.",CL41R; CL-41R; Tutor; CT-114; CL41; CT114,Reynolds-Alberta Museum,on_display
Canadair,CT-133,Silver Star 3,133089,,,fixed_wing,monoplane,military,trainer,1959,Also cited as 21089. The museum states that not all aircraft in its collection are on public display; the aviation collection is split between the exhibition hangar and warehouse storage reached on seasonal tours.,CT133; T-33; T33; Silver Star; 21089,Reynolds-Alberta Museum,on_display
Canadair,CT-133,Silver Star 3,133351,,,fixed_wing,monoplane,military,trainer,,Also cited as 21351; painted as Black Knight 133656. Reported by silverhawkauthor with a photograph but not separately listed by the museum. The museum states that not all aircraft in its collection are on public display; the aviation collection is split between the exhibition hangar and warehouse storage reached on seasonal tours.,CT133; T-33; T33; Silver Star; 133656,Reynolds-Alberta Museum,on_display
Aeronca,7,KC Olympia,CF-OGF,,,fixed_wing,monoplane,civilian,private,1959,c/n 4. The museum states that not all aircraft in its collection are on public display; the aviation collection is split between the exhibition hangar and warehouse storage reached on seasonal tours.,7KC; Champion 7KC; Olympia; Champ,Reynolds-Alberta Museum,on_display
Jodel,D.9,Bebe,CF-RFK,,,fixed_wing,monoplane,civilian,private,1961,"c/n PMS-1, built at Trochu Alberta. The museum states that not all aircraft in its collection are on public display; the aviation collection is split between the exhibition hangar and warehouse storage reached on seasonal tours.",D9; D.9; Bebe; Jodel D9,Reynolds-Alberta Museum,on_display
Canadair,CF-104,,104759,Starfighter,,fixed_wing,monoplane,military,fighter,1961,Flown by 417 Squadron; also cited as 18759. The museum states that not all aircraft in its collection are on public display; the aviation collection is split between the exhibition hangar and warehouse storage reached on seasonal tours.,CF104; F-104; F104; Starfighter,Reynolds-Alberta Museum,on_display
Canadair,CF-104,,104763,Starfighter,,fixed_wing,monoplane,military,fighter,,"Second CF-104, flown by 417 Squadron. Reported by silverhawkauthor with a photograph but not separately listed by the museum. The museum states that not all aircraft in its collection are on public display; the aviation collection is split between the exhibition hangar and warehouse storage reached on seasonal tours.",CF104; F-104; F104; Starfighter,Reynolds-Alberta Museum,on_display
Stits,SA-7,D Skycoupe,CF-OWA,,,fixed_wing,monoplane,civilian,private,1962,c/n 400. The museum states that not all aircraft in its collection are on public display; the aviation collection is split between the exhibition hangar and warehouse storage reached on seasonal tours.,SA-7D; SA7D; Skycoupe; Sky Coupe; SA7,Reynolds-Alberta Museum,on_display
Canadair,CT-114,Tutor,114076,,,fixed_wing,monoplane,military,trainer,1964,Displayed in Snowbirds markings as aircraft 12. The museum states that not all aircraft in its collection are on public display; the aviation collection is split between the exhibition hangar and warehouse storage reached on seasonal tours.,CT114; CL-41; CL41; Tutor; Snowbirds,Reynolds-Alberta Museum,on_display
Volmer,VJ-22,Sportsman,,,,fixed_wing,monoplane,civilian,private,1973,Homebuilt amphibian. The museum states that not all aircraft in its collection are on public display; the aviation collection is split between the exhibition hangar and warehouse storage reached on seasonal tours.,VJ22; VJ-22; Sportsman; Volmer Sportsman,Reynolds-Alberta Museum,on_display
Beechcraft,CT-134,A Musketeer II,134233,,,fixed_wing,monoplane,military,trainer,,c/n M-2320. Reported by silverhawkauthor but not separately listed by the museum. The museum states that not all aircraft in its collection are on public display; the aviation collection is split between the exhibition hangar and warehouse storage reached on seasonal tours.,CT134; Musketeer; Beech 23; Model 23,Reynolds-Alberta Museum,on_display
Pitts,S-1,C,C-GRLJ,,,fixed_wing,biplane,civilian,private,1980,c/n 1. The museum states that not all aircraft in its collection are on public display; the aviation collection is split between the exhibition hangar and warehouse storage reached on seasonal tours.,S1C; S-1C; Pitts Special; S1,Reynolds-Alberta Museum,on_display
Birdman,Atlas,XC-215,C-IANB,,,fixed_wing,monoplane,civilian,private,1982,c/n 009; ultralight. The museum states that not all aircraft in its collection are on public display; the aviation collection is split between the exhibition hangar and warehouse storage reached on seasonal tours.,Atlas 215; XC-215; XC215; Birdman,Reynolds-Alberta Museum,on_display
Chandelle,Mk IV,,C-IDPF,,,fixed_wing,monoplane,civilian,private,1985,c/n 04-A001185. The museum states that not all aircraft in its collection are on public display; the aviation collection is split between the exhibition hangar and warehouse storage reached on seasonal tours.,Chandelle IV; Chandelle Mk IV,Reynolds-Alberta Museum,on_display
Falconar,F-11,E,,,,fixed_wing,monoplane,civilian,private,1985,c/n E65-15. The museum states that not all aircraft in its collection are on public display; the aviation collection is split between the exhibition hangar and warehouse storage reached on seasonal tours.,F11E; F-11E; Sporty; Jodel F-11; F11,Reynolds-Alberta Museum,on_display
M.A.D.,3,Maxim,,,,fixed_wing,monoplane,civilian,private,1990,Ultralight. The museum states that not all aircraft in its collection are on public display; the aviation collection is split between the exhibition hangar and warehouse storage reached on seasonal tours.,MAD 3; Maxim; MAD3,Reynolds-Alberta Museum,on_display
Team,Mini-MAX,,C-IDCP,,,fixed_wing,monoplane,civilian,private,1990,c/n TC040316. The museum states that not all aircraft in its collection are on public display; the aviation collection is split between the exhibition hangar and warehouse storage reached on seasonal tours.,MiniMax; Mini-MAX; Team MiniMax,Reynolds-Alberta Museum,on_display
Goddard,Volksplane,,,,,fixed_wing,monoplane,civilian,private,1995,Homebuilt c/n 9. The museum states that not all aircraft in its collection are on public display; the aviation collection is split between the exhibition hangar and warehouse storage reached on seasonal tours.,Volksplane; VP-1; Goddard VP; VP1,Reynolds-Alberta Museum,on_display
de Havilland,DH.89,A Dragon Rapide,CF-PTK,,,fixed_wing,biplane,civilian,transport,1935,c/n 6254. The museum states that not all aircraft in its collection are on public display; the aviation collection is split between the exhibition hangar and warehouse storage reached on seasonal tours.,DH89A; Dragon Rapide; Rapide; G-ACPP,Reynolds-Alberta Museum,on_display
Barkley-Grow,T8P-1,,CF-BVE,,,fixed_wing,monoplane,civilian,transport,1937,c/n 1; the prototype of eleven built. The museum states that not all aircraft in its collection are on public display; the aviation collection is split between the exhibition hangar and warehouse storage reached on seasonal tours.,T8P-1; T8P1; Barkley Grow,Reynolds-Alberta Museum,on_display
Lockheed,Model 18,Lodestar,CF-TDB,,,fixed_wing,monoplane,civilian,commercial_transport,1941,c/n 18-2220; flown by Trans-Canada Air Lines. The museum states that not all aircraft in its collection are on public display; the aviation collection is split between the exhibition hangar and warehouse storage reached on seasonal tours.,Lodestar; L18; L-18; C-57; C57,Reynolds-Alberta Museum,on_display
Lockheed,Model 18,Lodestar,CF-CEC,,,fixed_wing,monoplane,civilian,commercial_transport,,"c/n 18-2132, ex-USAAF 41-23166. Reported by silverhawkauthor but not separately listed by the museum. The museum states that not all aircraft in its collection are on public display; the aviation collection is split between the exhibition hangar and warehouse storage reached on seasonal tours.",Lodestar; L18; L-18; C-57; C57,Reynolds-Alberta Museum,on_display
Cessna,T-50,Crane Mk IA,8778,,,fixed_wing,monoplane,military,trainer,1941,"c/n 2328, ex-RCAF 8778, RAF FJ127 and USAAC 42-13664. The museum states that not all aircraft in its collection are on public display; the aviation collection is split between the exhibition hangar and warehouse storage reached on seasonal tours.",T50; T-50; Crane; Bobcat; CF-BTA,Reynolds-Alberta Museum,on_display
Douglas,DC-3,,CF-IAE,,,fixed_wing,monoplane,civilian,transport,1943,c/n 4563; formerly flown by the Government of Alberta. The museum states that not all aircraft in its collection are on public display; the aviation collection is split between the exhibition hangar and warehouse storage reached on seasonal tours.,DC3; C-47; C47; Dakota,Reynolds-Alberta Museum,on_display
Douglas,CC-129,Dakota,9089,,,fixed_wing,monoplane,military,transport,,Ex-RCAF 9089 and USAAF 42-32863. Reported by silverhawkauthor but not separately listed by the museum. The museum states that not all aircraft in its collection are on public display; the aviation collection is split between the exhibition hangar and warehouse storage reached on seasonal tours.,CC129; C-47; C47; Dakota; CF-JWP,Reynolds-Alberta Museum,on_display
Fairchild Aircraft Ltd,Bolingbroke,Mk IVT,9904,,,fixed_wing,monoplane,military,bomber,1943,Under restoration. The museum states that not all aircraft in its collection are on public display; the aviation collection is split between the exhibition hangar and warehouse storage reached on seasonal tours.,Bolingbroke; Blenheim; Bolingbroke IVT,Reynolds-Alberta Museum,under_restoration
Fairchild Aircraft Ltd,Bolingbroke,Mk IVT,9990,,,fixed_wing,monoplane,military,bomber,,Unrestored. The museum states that not all aircraft in its collection are on public display; the aviation collection is split between the exhibition hangar and warehouse storage reached on seasonal tours.,Bolingbroke; Blenheim; Bolingbroke IVT,Reynolds-Alberta Museum,in_storage
Fairchild Aircraft Ltd,Bolingbroke,Mk IVT,10120,,,fixed_wing,monoplane,military,bomber,,Unrestored. The museum states that not all aircraft in its collection are on public display; the aviation collection is split between the exhibition hangar and warehouse storage reached on seasonal tours.,Bolingbroke; Blenheim; Bolingbroke IVT,Reynolds-Alberta Museum,in_storage
Beechcraft,Expeditor,3T,1387,,,fixed_wing,monoplane,military,transport,1943,"c/n 6596, ex-RCAF 1387 and USAAF 43-35850. The museum states that not all aircraft in its collection are on public display; the aviation collection is split between the exhibition hangar and warehouse storage reached on seasonal tours.",Expeditor; Beech 18; D18S; C-45H; CF-SIF; C45H,Reynolds-Alberta Museum,on_display
Beechcraft,Expeditor,C-45H,CF-OME,,,fixed_wing,monoplane,military,transport,,"c/n AF662, ex-USAF 52-10732. Reported by silverhawkauthor but not separately listed by the museum. The museum states that not all aircraft in its collection are on public display; the aviation collection is split between the exhibition hangar and warehouse storage reached on seasonal tours.",Expeditor; Beech 18; D18S; C45H,Reynolds-Alberta Museum,on_display
Avro,Anson,Mk V,12477,,,fixed_wing,monoplane,military,trainer,1944,"c/n MDF-289, ex-RCAF 12477, named Marie Wright. The museum states that not all aircraft in its collection are on public display; the aviation collection is split between the exhibition hangar and warehouse storage reached on seasonal tours.",Anson; Anson V; Avro 652A; CF-HQZ,Reynolds-Alberta Museum,on_display
Avro,Anson,Mk II,11567,,,fixed_wing,monoplane,military,trainer,,Ex-RCAF 11567. Reported by silverhawkauthor but not separately listed by the museum. The museum states that not all aircraft in its collection are on public display; the aviation collection is split between the exhibition hangar and warehouse storage reached on seasonal tours.,Anson; Anson II; Avro 652A,Reynolds-Alberta Museum,on_display
North American,B-25,J Mitchell,5237,,,fixed_wing,monoplane,military,bomber,1944,"c/n 108-37520, ex-USAAF 44-86726 and RCAF 5237. The museum states that not all aircraft in its collection are on public display; the aviation collection is split between the exhibition hangar and warehouse storage reached on seasonal tours.",B25; B-25J; Mitchell; Mitchell III; B25J,Reynolds-Alberta Museum,on_display
Douglas,A-26,C Invader,CF-CUI,,,fixed_wing,monoplane,military,bomber,1944,"c/n 28803, ex-USAAF 44-35524; later Air Spray tanker 12. The museum states that not all aircraft in its collection are on public display; the aviation collection is split between the exhibition hangar and warehouse storage reached on seasonal tours.",A26; A-26C; Invader; B-26 Invader; A26C,Reynolds-Alberta Museum,on_display
Canadair,North Star,,,,,fixed_wing,monoplane,civilian,commercial_transport,1948,Nose section only. The museum states that not all aircraft in its collection are on public display; the aviation collection is split between the exhibition hangar and warehouse storage reached on seasonal tours.,North Star; DC-4M; C-54; DC4M; C54,Reynolds-Alberta Museum,on_display
de Havilland,DH.104,Dove,,,,fixed_wing,monoplane,civilian,transport,1951,de Havilland Dove. The museum states that not all aircraft in its collection are on public display; the aviation collection is split between the exhibition hangar and warehouse storage reached on seasonal tours.,DH104; Dove; Devon,Reynolds-Alberta Museum,on_display
Bristol,Freighter,Mk 31,NZ5907,,,fixed_wing,monoplane,military,freighter,1952,"c/n 13060, ex-Royal New Zealand Air Force NZ5907. The museum states that not all aircraft in its collection are on public display; the aviation collection is split between the exhibition hangar and warehouse storage reached on seasonal tours.",Freighter 31; Bristol 170; C-GYQS,Reynolds-Alberta Museum,on_display
McDonnell,CF-101,B,101038,Voodoo,,fixed_wing,monoplane,military,fighter,1957,Ex-USAF 57-0368; flown by 416 Lynx Squadron at CFB Chatham and painted as Lynx One Canada to match 101043 at the Atlantic Canada Aviation Museum. The museum states that not all aircraft in its collection are on public display; the aviation collection is split between the exhibition hangar and warehouse storage reached on seasonal tours.,CF101; F-101B; F101B; Voodoo; 57-0368; CF101B,Reynolds-Alberta Museum,on_display
Avro Canada,CF-100,Mk 5,18759,Canuck,,fixed_wing,monoplane,military,fighter,1958,Flown by 416 Squadron. The museum states that not all aircraft in its collection are on public display; the aviation collection is split between the exhibition hangar and warehouse storage reached on seasonal tours.,CF100; Canuck; CF-100 Mk 5; 100759,Reynolds-Alberta Museum,on_display
Avro Canada,CF-105,Arrow,,,,fixed_wing,monoplane,military,fighter,1958,"Full-scale Arrow replica, the mock-up built for the 1997 CBC miniseries The Arrow. The museum states that not all aircraft in its collection are on public display; the aviation collection is split between the exhibition hangar and warehouse storage reached on seasonal tours.",CF105; Arrow; Avro Arrow,Reynolds-Alberta Museum,on_display
Canadair,CF-116,D Freedom Fighter,116815,,,fixed_wing,monoplane,military,fighter,1969,Also cited as 2015; flown by 419 Squadron. The museum states that not all aircraft in its collection are on public display; the aviation collection is split between the exhibition hangar and warehouse storage reached on seasonal tours.,CF116; CF-5D; CF5D; Freedom Fighter; F-5D; F5D,Reynolds-Alberta Museum,on_display
Conair,Firecat,T67,C-GABC,,,fixed_wing,monoplane,civilian,other,1983,Conair Firecat water bomber converted from a Grumman Tracker. The museum states that not all aircraft in its collection are on public display; the aviation collection is split between the exhibition hangar and warehouse storage reached on seasonal tours.,Firecat; S-2 Tracker; CP-121; Turbo Firecat; CP121,Reynolds-Alberta Museum,on_display
Haseloh,BH-63,Gyroplane,CF-OMO,,,rotary_wing,,civilian,experimental,1963,c/n 43118202; Alberta-built gyroplane. The museum states that not all aircraft in its collection are on public display; the aviation collection is split between the exhibition hangar and warehouse storage reached on seasonal tours.,BH63; BH-63; Haseloh gyroplane; RAF 2000,Reynolds-Alberta Museum,on_display
Haseloh,BJ-2,Gyroplane,C-GUAG,,,rotary_wing,,civilian,experimental,1982,c/n HB2-82; two-seat prototype built in Alberta. The museum states that not all aircraft in its collection are on public display; the aviation collection is split between the exhibition hangar and warehouse storage reached on seasonal tours.,BJ2; BJ-2; RAF 2000; Haseloh gyroplane,Reynolds-Alberta Museum,on_display
Rotary Air Force,RAF 2000,Gyroplane,,,,rotary_wing,,civilian,private,1997,Saskatchewan-designed gyroplane. The museum states that not all aircraft in its collection are on public display; the aviation collection is split between the exhibition hangar and warehouse storage reached on seasonal tours.,RAF2000; RAF 2000; Rotary Air Force,Reynolds-Alberta Museum,on_display
Sznycer-Gottlieb,SG-VI,D,CF-FGG,,,rotary_wing,,civilian,experimental,1947,"c/n 5001-A; the Grey Gull, the first helicopter certified in Canada and the British Commonwealth in February 1951, and the sole surviving prototype. The museum states that not all aircraft in its collection are on public display; the aviation collection is split between the exhibition hangar and warehouse storage reached on seasonal tours.",SGVI; SG-VI; SG-VI-D; Grey Gull,Reynolds-Alberta Museum,on_display
Sikorsky,S-58,H-34 Choctaw,,,,rotary_wing,,military,utility,1953,Ex-US Navy BuNo 130761. silverhawkauthor also records RCAF 9630 in this collection. The museum states that not all aircraft in its collection are on public display; the aviation collection is split between the exhibition hangar and warehouse storage reached on seasonal tours.,S58; S-58; H-34; Choctaw; CH-34; H34; CH34,Reynolds-Alberta Museum,on_display
Bell,47,J-2 Ranger,,,,rotary_wing,,civilian,utility,1960,Bell 47J-2 Ranger. The museum states that not all aircraft in its collection are on public display; the aviation collection is split between the exhibition hangar and warehouse storage reached on seasonal tours.,Bell 47; 47J; 47J-2; Ranger,Reynolds-Alberta Museum,on_display
Hughes,269,A,,,,rotary_wing,,civilian,private,1965,c/n 83-0001. The museum states that not all aircraft in its collection are on public display; the aviation collection is split between the exhibition hangar and warehouse storage reached on seasonal tours.,269A; Hughes 269; TH-55; Model 300; TH55,Reynolds-Alberta Museum,on_display
Aerospatiale,SA 316,Alouette III,CF-CAW,,,rotary_wing,,civilian,search_rescue,1965,c/n 1251; formerly flown by the Canadian Coast Guard. The museum states that not all aircraft in its collection are on public display; the aviation collection is split between the exhibition hangar and warehouse storage reached on seasonal tours.,SA316; Alouette III; SE.3160; Alouette,Reynolds-Alberta Museum,on_display
Piasecki,H-44,Workhorse,CF-BSG,,,rotary_wing,,military,search_rescue,,"Ex-USAF 60-5446 and RCAF 9592; served at Trenton with 4 OTU, 103 Rescue Unit Greenwood and Chatham, then sold to Nahanni Helicopters. Reported by silverhawkauthor but not separately listed by the museum. The museum states that not all aircraft in its collection are on public display; the aviation collection is split between the exhibition hangar and warehouse storage reached on seasonal tours.",H44; CH-127; CH127; Workhorse; H-21; H21,Reynolds-Alberta Museum,on_display
Link,Trainer,,,,,fixed_wing,monoplane,military,trainer,,Link instrument flying trainer; a ground trainer rather than an airframe. The museum states that not all aircraft in its collection are on public display; the aviation collection is split between the exhibition hangar and warehouse storage reached on seasonal tours.,Link Trainer; ANT-18; Blue Box; ANT18,Reynolds-Alberta Museum,on_display
Jacobs,Jaycopter,A,,,,rotary_wing,,civilian,trainer,,Helicopter simulator c/n 1; a ground trainer rather than an airframe. The museum states that not all aircraft in its collection are on public display; the aviation collection is split between the exhibition hangar and warehouse storage reached on seasonal tours.,Jaycopter; Jacobs Jaycopter,Reynolds-Alberta Museum,on_display
Jacobs,Jaycopter,B,,,,rotary_wing,,civilian,trainer,,Helicopter simulator c/n 2; a ground trainer rather than an airframe. The museum states that not all aircraft in its collection are on public display; the aviation collection is split between the exhibition hangar and warehouse storage reached on seasonal tours.,Jaycopter; Jacobs Jaycopter,Reynolds-Alberta Museum,on_display
Meggitt,Vindicator,II,VT519,,,fixed_wing,monoplane,military,drone,,Target drone. The museum states that not all aircraft in its collection are on public display; the aviation collection is split between the exhibition hangar and warehouse storage reached on seasonal tours.,Vindicator; Vindicator II; VT519,Reynolds-Alberta Museum,on_display
